{
  "loss_probs": [
    0.001,
    0.004,
    0.007,
    0.01,
    0.04,
    0.07,
    0.1
  ],
  "SM": {
    "djscc_7_NO": [
      0.7856283798446885,
      0.7804227225272148,
      0.775636742699731,
      0.7703841341341341,
      0.7251634837962964,
      0.6885473119603978,
      0.6579334681361049
    ],
    "djscc_7_MI": [
      0.7174712798736237,
      0.7163961129097849,
      0.7153069891180243,
      0.7143006336414539,
      0.7038950302841904,
      0.6937717087204391,
      0.6840762979776651
    ],
    "djscc_14_NO": [
      0.7844841423454706,
      0.7762081588424362,
      0.7680908471948511,
      0.760462256690284,
      0.695307155299831,
      0.6476738823784722,
      0.6131450420146709
    ],
    "djscc_14_MI": [
      0.7844060857732733,
      0.775949685036599,
      0.7681014290657845,
      0.7600134387317005,
      0.6946606885205517,
      0.6475764509626816,
      0.6136797222026714
    ],
    "scda_7_MI": [
      0.76,
      0.758,
      0.755,
      0.752,
      0.73,
      0.71,
      0.695
    ],
    "scda_7_NO": [
      0.8,
      0.795,
      0.788,
      0.779,
      0.742,
      0.706,
      0.672
    ],
    "scda_14_MI": [
      0.769,
      0.765,
      0.762,
      0.758,
      0.735,
      0.714,
      0.698
    ],
    "scda_14_NO": [
      0.81,
      0.803,
      0.796,
      0.788,
      0.748,
      0.71,
      0.674
    ]
  },
  "PSNR": {
    "djscc_7_MI": [
      23.645526802698484,
      23.409683839022605,
      23.168077504950254,
      22.9441223575542,
      20.782320735123097,
      18.935975264540655,
      17.381091394616902
    ],
    "djscc_7_NO": [
      23.64645780185401,
      23.40505416794673,
      23.178279812905938,
      22.929287407172133,
      20.783582832123617,
      18.981680901995848,
      17.372596621187544
    ],
    "djscc_14_MI": [
      21.84420095800777,
      21.786835609975444,
      21.734130315597334,
      21.68207734024011,
      21.107742123799042,
      20.520719477877996,
      19.910662804169565
    ],
    "djscc_14_NO": [
      23.07413469809423,
      23.26240628862067,
      22.92900145513688,
      22.596171168080044,
      19.73502214459803,
      17.49202268825746,
      15.73399989483816
    ],
    "scda_7_MI": [
      16.78959069822586,
      16.759802243160156,
      16.72719685416038,
      16.694921726946006,
      16.38189944278603,
      16.082949790251035,
      15.784341459580215
    ],
    "scda_7_NO": [
      16.73250941902722,
      16.6571394012102,
      16.587615592516347,
      16.51772277192685,
      15.84431847529681,
      15.215570670257067,
      14.655770397749704
    ],
    "scda_14_MI": [
      16.78957063617958,
      16.749823169673597,
      16.711742859286513,
      16.67160206072541,
      16.283620975315777,
      15.919955482953315,
      15.570568719890526
    ],
    "scda_14_NO": [
      16.731920037700466,
      16.64919375832145,
      16.565301174335872,
      16.486829443523817,
      15.72699919957322,
      15.047163408664444,
      14.451647530019736
    ]
  }
}