{
  "loss_probs": [
    0.001,
    0.004,
    0.007,
    0.01,
    0.04,
    0.07,
    0.1
  ],
  "sm_7_NO": [
    0.7856283798446885,
    0.7804227225272148,
    0.775636742699731,
    0.7703841341341341,
    0.7251634837962964,
    0.6885473119603978,
    0.6579334681361049
  ],
  "sm_7_MI": [
    0.7174712798736237,
    0.7163961129097849,
    0.7153069891180243,
    0.7143006336414539,
    0.7038950302841904,
    0.6937717087204391,
    0.6840762979776651
  ],
  "sm_14_NO": [
    0.7844841423454706,
    0.7762081588424362,
    0.7680908471948511,
    0.760462256690284,
    0.695307155299831,
    0.6476738823784722,
    0.6131450420146709
  ],
  "sm_14_MI": [
    0.7844060857732733,
    0.775949685036599,
    0.7681014290657845,
    0.7600134387317005,
    0.6946606885205517,
    0.6475764509626816,
    0.6136797222026714
  ],
  "att_7_MI": [
    16.78959069822586,
    16.759802243160156,
    16.72719685416038,
    16.694921726946006,
    16.38189944278603,
    16.082949790251035,
    15.784341459580215
  ],
  "att_7_NO": [
    16.73250941902722,
    16.6571394012102,
    16.587615592516347,
    16.51772277192685,
    15.84431847529681,
    15.215570670257067,
    14.655770397749704
  ],
  "att_14_MI": [
    16.78957063617958,
    16.749823169673597,
    16.711742859286513,
    16.67160206072541,
    16.283620975315777,
    15.919955482953315,
    15.570568719890526
  ],
  "att_14_NO": [
    16.731920037700466,
    16.64919375832145,
    16.565301174335872,
    16.486829443523817,
    15.72699919957322,
    15.047163408664444,
    14.451647530019736
  ]
}